node, x, y,listOfConnectedNodes
0,20.0 ,10.0,1;2;3;4;5
1,15.0 ,18.660254037844386,0;2;3;4;5
2,5.000000000000002 ,18.66025403784439,0;1;3;4;5
3,0.0 ,10.000000000000002,0;1;2;4;5
4,4.999999999999996 ,1.3397459621556163,0;1;2;3;5
5,15.0 ,1.3397459621556145,0;1;2;3;4