node, x, y,listOfConnectedNodes
0,20,10,1;2;3;4;5;6;7
1,17.07106781,17.07106781,0;2;3;4;5;6;7
2,10,20,0;1;3;4;5;6;7
3,2.928932188,17.07106781,0;1;2;4;5;6;7
4,0,10,0;1;2;3;5;6;7
5,2.928932188,2.928932188,0;1;2;3;4;6;7
6,10,0,0;1;2;3;4;5;7
7,17.07106781,2.928932188,0;1;2;3;4;5;6
